k,rg,layer,Best/Test/bpd,train_time,seed
16,PD,cp,1.386510253,416.5470276,42
32,PD,cp,1.381278038,284.0441589,42
64,PD,cp,1.377568483,227.5420074,42
128,PD,cp,1.379824638,358.816864,42
256,PD,cp,1.379258752,529.8931885,42
512,PD,cp,1.374982834,1328.673828,42
16,PD,cp-shared,1.391339302,363.3768311,42
32,PD,cp-shared,1.388105869,388.3955688,42
64,PD,cp-shared,1.384150147,333.4660339,42
128,PD,cp-shared,1.387061834,422.1555481,42
256,PD,cp-shared,1.386325479,541.0802002,42
512,PD,cp-shared,1.38347888,916.0021362,42
16,PD,tucker,1.380994558,449.3548584,42
32,PD,tucker,1.374332786,433.3389893,42
64,PD,tucker,1.372309804,1139.361816,42
16,QG,cp,1.250003099,1394.515747,42
32,QG,cp,1.211488128,1577.888672,42
64,QG,cp,1.190042853,1552.464478,42
128,QG,cp,1.179264665,1848.741699,42
256,QG,cp,1.17700243,2699.498779,42
512,QG,cp,1.17865479,5460.740723,42
16,QG,cp-shared,1.381695986,437.9126892,42
32,QG,cp-shared,1.334640622,1234.139404,42
64,QG,cp-shared,1.283172727,1154.438843,42
128,QG,cp-shared,1.242774963,1322.102417,42
256,QG,cp-shared,1.209218383,1847.056641,42
512,QG,cp-shared,1.199812293,2877.766357,42
16,QG,tucker,1.229655385,3473.253418,42
32,QG,tucker,1.222855568,4992.702637,42
64,QG,tucker,1.258238316,3327.44751,42
16,RQT,cp,1.283474803,312.3201599,42
32,RQT,cp,1.244159102,241.2021332,42
64,RQT,cp,1.217263579,300.7719116,42
128,RQT,cp,1.195213675,386.927063,42
256,RQT,cp,1.182911873,534.6240234,42
512,RQT,cp,1.174921513,816.3532104,42
16,RQT,cp-shared,1.395420671,243.8548584,42
32,RQT,cp-shared,1.329634309,305.3842468,42
64,RQT,cp-shared,1.306654096,273.49646,42
128,RQT,cp-shared,1.256997108,366.5095825,42
256,RQT,cp-shared,1.244313359,469.3232117,42
512,RQT,cp-shared,1.230743885,761.7848511,42
16,PD,cp,1.385062099,389.1281433,13
32,PD,cp,1.382857561,192.9286041,13
64,PD,cp,1.375636935,205.1490631,13
128,PD,cp,1.378102422,242.6649017,13
256,PD,cp,1.374839783,401.860199,13
512,PD,cp,1.376617193,1535.252686,13
16,PD,cp-shared,1.395413399,296.3743896,13
32,PD,cp-shared,1.386338234,411.8861084,13
64,PD,cp-shared,1.382506251,385.165863,13
128,PD,cp-shared,1.384271622,429.827301,13
256,PD,cp-shared,1.388246894,473.2118225,13
512,PD,cp-shared,1.381546617,730.574585,13
16,PD,tucker,1.37929523,439.6821594,13
32,PD,tucker,1.376652002,339.6221313,13
64,PD,tucker,1.371798873,806.3110962,13
16,QG,cp,1.248105288,1358.015015,13
32,QG,cp,1.213694096,1102.448486,13
64,QG,cp,1.191937804,1313.468994,13
128,QG,cp,1.178322792,1403.47168,13
256,QG,cp,1.176748991,1748.818359,13
512,QG,cp,1.179168224,3391.532471,13
16,QG,cp-shared,1.375162125,1014.338013,13
32,QG,cp-shared,1.328312635,1358.293335,13
64,QG,cp-shared,1.285640121,1430.64563,13
128,QG,cp-shared,1.237511873,1429.639893,13
256,QG,cp-shared,1.219662666,1432.163574,13
512,QG,cp-shared,1.208536983,2302.228271,13
16,QG,tucker,1.237706304,2495.997803,13
32,QG,tucker,1.22802949,2837.484375,13
64,QG,tucker,1.258199573,3397.739502,13
16,RQT,cp,1.28208518,306.2480164,13
32,RQT,cp,1.242312789,251.3040924,13
64,RQT,cp,1.217722297,312.2502747,13
128,RQT,cp,1.198298097,353.0215454,13
256,RQT,cp,1.183917999,483.2720947,13
512,RQT,cp,1.175025344,810.5205688,13
16,RQT,cp-shared,1.390679955,360.8372498,13
32,RQT,cp-shared,1.353299618,316.1561279,13
64,RQT,cp-shared,1.299589992,285.2833557,13
128,RQT,cp-shared,1.273918629,276.1113281,13
256,RQT,cp-shared,1.239011645,469.4830017,13
512,RQT,cp-shared,1.22403121,857.8477783,13
16,PD,cp,1.380032063,285.27005,17
32,PD,cp,1.379867792,211.9895935,17
64,PD,cp,1.381048679,182.9585876,17
128,PD,cp,1.379850626,213.558136,17
256,PD,cp,1.377768993,401.4734497,17
512,PD,cp,1.372072935,1305.154175,17
16,PD,cp-shared,1.393275023,360.3869629,17
32,PD,cp-shared,1.386796117,463.9968262,17
64,PD,cp-shared,1.382953286,380.790741,17
128,PD,cp-shared,1.383226871,429.6877136,17
256,PD,cp-shared,1.38749361,473.2377625,17
512,PD,cp-shared,1.384350538,730.1064453,17
16,PD,tucker,1.379114628,365.4013367,17
32,PD,tucker,1.375257373,339.8752136,17
64,PD,tucker,1.370024323,806.8036499,17
16,QG,cp,1.250813127,935.5171509,17
32,QG,cp,1.212373018,1109.777588,17
64,QG,cp,1.189921618,1227.484741,17
128,QG,cp,1.178296804,1433.171021,17
256,QG,cp,1.175599098,1748.338379,17
512,QG,cp,1.178581953,3400.601074,17
16,QG,cp-shared,1.369178414,820.8146973,17
32,QG,cp-shared,1.333054304,1896.777466,17
64,QG,cp-shared,1.280472517,1563.092285,17
128,QG,cp-shared,1.245922685,1348.145874,17
256,QG,cp-shared,1.215057015,1431.995605,17
512,QG,cp-shared,1.208642125,2302.305908,17
16,QG,tucker,1.240354896,2334.937988,17
32,QG,tucker,1.220438838,3937.759766,17
64,QG,tucker,1.258147478,3619.382324,17
16,RQT,cp,1.282431126,308.3525391,17
32,RQT,cp,1.24012053,360.1013794,17
64,RQT,cp,1.215792656,313.5783081,17
128,RQT,cp,1.195793271,354.2980347,17
256,RQT,cp,1.184506893,497.5365601,17
512,RQT,cp,1.175156593,809.571106,17
16,RQT,cp-shared,1.39494741,382.505188,17
32,RQT,cp-shared,1.352874398,269.7035522,17
64,RQT,cp-shared,1.299841762,267.269928,17
128,RQT,cp-shared,1.277163863,296.984436,17
256,RQT,cp-shared,1.245890856,427.3033142,17
512,RQT,cp-shared,1.223725915,786.1035767,17
16,PD,cp,1.382851005,372.4844666,1337
32,PD,cp,1.376758695,231.8126221,1337
64,PD,cp,1.38356185,177.5379486,1337
128,PD,cp,1.380721331,213.029541,1337
256,PD,cp,1.378221512,403.3392029,1337
512,PD,cp,1.37923038,1304.717163,1337
16,PD,cp-shared,1.389526606,276.9589539,1337
32,PD,cp-shared,1.387596726,414.0027161,1337
64,PD,cp-shared,1.386064887,381.4361572,1337
128,PD,cp-shared,1.386853337,430.5427551,1337
256,PD,cp-shared,1.381465077,475.6059875,1337
512,PD,cp-shared,1.38787806,731.5537109,1337
16,PD,tucker,1.377707005,390.5233765,1337
32,PD,tucker,1.374286771,342.9619751,1337
64,PD,tucker,1.373847365,801.7670288,1337
16,QG,cp,1.247874618,1251.789185,1337
32,QG,cp,1.213613749,1095.047363,1337
64,QG,cp,1.189990401,1466.96521,1337
128,QG,cp,1.178976893,1518.081177,1337
256,QG,cp,1.178903818,1784.6875,1337
512,QG,cp,1.176597357,3318.663574,1337
16,QG,cp-shared,1.37293303,951.5442505,1337
32,QG,cp-shared,1.336439729,1420.819458,1337
64,QG,cp-shared,1.281080246,1254.958862,1337
128,QG,cp-shared,1.233329058,1139.38501,1337
256,QG,cp-shared,1.216799855,1833.297241,1337
512,QG,cp-shared,1.20464623,3177.97583,1337
16,QG,tucker,1.23383677,2922.260498,1337
32,QG,tucker,1.225730419,3908.795654,1337
64,QG,tucker,1.255434155,3785.05249,1337
16,RQT,cp,1.282438159,364.3917847,1337
32,RQT,cp,1.243118525,266.7178955,1337
64,RQT,cp,1.217074752,267.6836853,1337
128,RQT,cp,1.195328355,383.2584229,1337
256,RQT,cp,1.184129953,535.6274414,1337
512,RQT,cp,1.175692677,871.8937988,1337
16,RQT,cp-shared,1.396120787,345.1413574,1337
32,RQT,cp-shared,1.349373579,347.2159424,1337
64,RQT,cp-shared,1.306270599,251.3971405,1337
128,RQT,cp-shared,1.27962935,339.6791077,1337
256,RQT,cp-shared,1.260392427,454.5723572,1337
512,RQT,cp-shared,1.224056363,715.8911743,1337
16,PD,cp,1.380906105,428.0308838,7331
32,PD,cp,1.379155517,251.6627197,7331
64,PD,cp,1.378415704,177.9334412,7331
128,PD,cp,1.378174901,213.8077545,7331
256,PD,cp,1.375902176,402.5769958,7331
512,PD,cp,1.372717023,1304.542236,7331
16,PD,cp-shared,1.388631344,255.7539978,7331
32,PD,cp-shared,1.383676767,466.4116211,7331
64,PD,cp-shared,1.38585043,381.6517029,7331
128,PD,cp-shared,1.388335824,430.145752,7331
256,PD,cp-shared,1.385956168,474.0544128,7331
512,PD,cp-shared,1.385686755,731.3054199,7331
16,PD,tucker,1.382581472,320.4459534,7331
32,PD,tucker,1.373093367,418.6127625,7331
64,PD,tucker,1.373277068,797.6210327,7331
16,QG,cp,1.247544169,1161.356934,7331
32,QG,cp,1.214219928,1145.597046,7331
64,QG,cp,1.19059217,1522.283203,7331
128,QG,cp,1.178794622,1570.107422,7331
256,QG,cp,1.175071597,1715.963379,7331
512,QG,cp,1.184610605,3402.754639,7331
16,QG,cp-shared,1.377137661,836.7553101,7331
32,QG,cp-shared,1.335254908,1784.959595,7331
64,QG,cp-shared,1.270783305,1753.318726,7331
128,QG,cp-shared,1.242598534,1246.751587,7331
256,QG,cp-shared,1.22834897,1611.678223,7331
512,QG,cp-shared,1.203466177,3172.394775,7331
16,QG,tucker,1.233722925,3106.056641,7331
32,QG,tucker,1.229851127,3373.20166,7331
64,QG,tucker,1.260171056,3536.283447,7331
16,RQT,cp,1.285379767,205.3986206,7331
32,RQT,cp,1.242298245,268.4871521,7331
64,RQT,cp,1.216780663,343.1619568,7331
128,RQT,cp,1.195937157,393.0840454,7331
256,RQT,cp,1.183982134,511.1251831,7331
512,RQT,cp,1.175779462,870.425293,7331
16,RQT,cp-shared,1.397714257,238.1920471,7331
32,RQT,cp-shared,1.341789246,324.7776489,7331
64,RQT,cp-shared,1.291480064,242.6913452,7331
128,RQT,cp-shared,1.277560472,309.2466125,7331
256,RQT,cp-shared,1.236078858,453.6900024,7331
512,RQT,cp-shared,1.22234869,787.3947144,7331
128,PD,cp-shared-new,3.783297062,439.440979,42
128,PD,cp-shared-new,3.781502724,439.5906982,13
128,PD,cp-shared-new,3.784678936,439.970459,17
128,PD,cp-shared-new,3.780454397,439.7114258,1337
128,PD,cp-shared-new,3.781389475,439.8106689,7331
16,PD,cp-shared-new,3.758517742,425.8716125,42
16,PD,cp-shared-new,3.761960745,427.5003357,13
16,PD,cp-shared-new,3.753648281,612.6535645,17
16,PD,cp-shared-new,3.759158611,386.3930359,1337
16,PD,cp-shared-new,3.75312686,454.6421814,7331
256,PD,cp-shared-new,3.815677881,483.3667603,42
256,PD,cp-shared-new,3.8091712,483.3961792,13
256,PD,cp-shared-new,3.804103136,483.399292,17
256,PD,cp-shared-new,3.806448936,482.4708557,1337
256,PD,cp-shared-new,3.800084829,483.3862,7331
32,PD,cp-shared-new,3.741155148,528.9455566,42
32,PD,cp-shared-new,3.738388538,636.2211914,13
32,PD,cp-shared-new,3.739327908,583.6338501,17
32,PD,cp-shared-new,3.736800671,530.5338135,1337
32,PD,cp-shared-new,3.740579367,689.1057739,7331
512,PD,cp-shared-new,3.838940144,743.5269775,42
512,PD,cp-shared-new,3.848357439,742.9185791,13
512,PD,cp-shared-new,3.842839479,742.8986816,17
512,PD,cp-shared-new,3.840476751,743.7738647,1337
512,PD,cp-shared-new,3.852205753,742.5935059,7331
64,PD,cp-shared-new,3.753614426,445.502594,42
64,PD,cp-shared-new,3.750412226,501.9851379,13
64,PD,cp-shared-new,3.747780085,447.2750244,17
64,PD,cp-shared-new,3.751241446,446.895752,1337
64,PD,cp-shared-new,3.749121189,449.9865112,7331
128,QG,cp-shared-new,3.520739555,1897.052124,42
128,QG,cp-shared-new,3.522400618,1822.583008,13
128,QG,cp-shared-new,3.522807598,2151.066162,17
128,QG,cp-shared-new,3.525042057,2007.945313,1337
128,QG,cp-shared-new,3.525924683,2259.810791,7331
16,QG,cp-shared-new,3.691106558,1461.106079,42
16,QG,cp-shared-new,3.680590153,1502.26123,13
16,QG,cp-shared-new,3.697798729,1218.519409,17
16,QG,cp-shared-new,3.693501711,1382.27356,1337
16,QG,cp-shared-new,3.688810349,1197.254761,7331
256,QG,cp-shared-new,3.482533455,2379.669922,42
256,QG,cp-shared-new,3.483756304,2479.996826,13
256,QG,cp-shared-new,3.486032248,2339.2229,17
256,QG,cp-shared-new,3.484331369,2378.428223,1337
256,QG,cp-shared-new,3.485617161,2279.331543,7331
32,QG,cp-shared-new,3.60800004,3750.777344,42
32,QG,cp-shared-new,3.602808714,3291.460938,13
32,QG,cp-shared-new,3.613324404,2560.391602,17
32,QG,cp-shared-new,3.614682913,3102.05542,1337
32,QG,cp-shared-new,3.614736795,2433.870361,7331
512,QG,cp-shared-new,3.445985556,3590.499756,42
512,QG,cp-shared-new,3.439792871,3450.665527,13
512,QG,cp-shared-new,3.443971395,3728.050537,17
512,QG,cp-shared-new,3.447043657,3728.148926,1337
512,QG,cp-shared-new,3.442004204,3587.965576,7331
64,QG,cp-shared-new,3.551400661,2630.169678,42
64,QG,cp-shared-new,3.567531347,2326.272705,13
64,QG,cp-shared-new,3.567854166,1919.135254,17
64,QG,cp-shared-new,3.564479113,2290.929199,1337
64,QG,cp-shared-new,3.562610149,2667.193604,7331
128,RQT,cp-shared-new,3.619007349,352.2507629,42
128,RQT,cp-shared-new,3.624270916,320.2935486,13
128,RQT,cp-shared-new,3.616503239,331.823761,17
128,RQT,cp-shared-new,3.620539427,330.9865723,1337
128,RQT,cp-shared-new,3.621167421,331.0194092,7331
16,RQT,cp-shared-new,3.764476061,796.6663818,42
16,RQT,cp-shared-new,3.781201839,308.0623169,13
16,RQT,cp-shared-new,3.775791407,396.3328857,17
16,RQT,cp-shared-new,3.780476809,576.5407715,1337
16,RQT,cp-shared-new,3.758281469,678.9169922,7331
256,RQT,cp-shared-new,3.569052935,513.2427979,42
256,RQT,cp-shared-new,3.577876329,484.3731689,13
256,RQT,cp-shared-new,3.580749512,483.8771667,17
256,RQT,cp-shared-new,3.575716257,469.0014343,1337
256,RQT,cp-shared-new,3.574156761,455.434845,7331
32,RQT,cp-shared-new,3.717070103,369.3038025,42
32,RQT,cp-shared-new,3.719780922,360.4128723,13
32,RQT,cp-shared-new,3.721450567,451.7515869,17
32,RQT,cp-shared-new,3.719327211,393.5991821,1337
32,RQT,cp-shared-new,3.723603487,426.5316772,7331
512,RQT,cp-shared-new,3.538882494,828.8557739,42
512,RQT,cp-shared-new,3.536140919,778.3425293,13
512,RQT,cp-shared-new,3.532772064,802.6157837,17
512,RQT,cp-shared-new,3.536323547,777.5502319,1337
512,RQT,cp-shared-new,3.537214994,779.0358276,7331
64,RQT,cp-shared-new,3.669595957,309.6909485,42
64,RQT,cp-shared-new,3.672262192,317.73526,13
64,RQT,cp-shared-new,3.672207594,325.8928223,17
64,RQT,cp-shared-new,3.669011593,298.6086121,1337
64,RQT,cp-shared-new,3.672001123,326.6938171,7331
